{
    "foreground_intensity_properties_per_channel": {
        "0": {
            "max": 1798.0,
            "mean": -750.9700317382812,
            "median": -804.0,
            "min": -1024.0,
            "percentile_00_5": -924.0,
            "percentile_99_5": -67.0,
            "std": 158.55621337890625
        }
    },
    "median_relative_size_after_cropping": 1.0,
    "shapes_after_crop": [
        [
            55,
            512,
            512
        ],
        [
            168,
            512,
            512
        ],
        [
            77,
            512,
            512
        ],
        [
            54,
            512,
            512
        ],
        [
            61,
            512,
            512
        ],
        [
            95,
            512,
            512
        ],
        [
            164,
            512,
            512
        ],
        [
            51,
            512,
            512
        ],
        [
            90,
            512,
            512
        ],
        [
            168,
            512,
            512
        ],
        [
            89,
            512,
            512
        ],
        [
            148,
            512,
            512
        ]
    ],
    "spacings": [
        [
            5.0,
            0.9765620231628418,
            0.9765620231628418
        ],
        [
            1.5,
            0.7539060115814209,
            0.7539060115814209
        ],
        [
            2.5,
            0.7421879768371582,
            0.7421879768371582
        ],
        [
            5.0,
            0.8515620231628418,
            0.8515620231628418
        ],
        [
            8.0,
            0.7929689884185791,
            0.7929689884185791
        ],
        [
            2.5,
            0.6132810115814209,
            0.6132810115814209
        ],
        [
            1.5,
            0.9667969942092896,
            0.9667969942092896
        ],
        [
            5.0,
            0.796875,
            0.796875
        ],
        [
            5.0,
            0.7949219942092896,
            0.7949219942092896
        ],
        [
            1.5,
            0.9335939884185791,
            0.9335939884185791
        ],
        [
            2.5,
            0.7265620231628418,
            0.7265620231628418
        ],
        [
            1.5,
            0.96875,
            0.96875
        ]
    ]
}